Id,Name,Phone,Email,Gender,Age,Adress
11,Radh,9876543210,r@gmail.com,female,22,"Hosur, sdp"
11,Radh,9876543210,r@gmail.com,female,22,"Hosur, sdp"
11,Radh,9876543210,r@gmail.com,female,22,"Hosur, sdp"
11,Radh,9876543210,r@gmail.com,female,22,"Hosur, sdp"
11,Radh,9876543210,r@gmail.com,female,22,"Hosur, sdp"
11,Radh,9876543210,r@gmail.com,female,22,"Hosur, sdp"
11,Radh,9876543210,r@gmail.com,female,22,"Hosur, sdp"
11,Radh,9876543210,r@gmail.com,female,22,"Hosur, sdp"
11,Radh,9876543210,r@gmail.com,female,22,"Hosur, sdp"
11,Radh,9876543210,r@gmail.com,female,22,"Hosur, sdp"
11,Radh,9876543210,r@gmail.com,female,22,"Hosur, sdp"
11,Radh,9876543210,r@gmail.com,female,22,"Hosur, sdp"
11,Radh,9876543210,r@gmail.com,female,22,"Hosur, sdp"
11,Radh,9876543210,r@gmail.com,female,22,"Hosur, sdp"
11,Radh,9876543210,r@gmail.com,female,22,"Hosur, sdp"
11,Radh,9876543210,r@gmail.com,female,22,"Hosur, sdp"
11,Radh,9876543210,r@gmail.com,female,22,"Hosur, sdp"
11,Radh,9876543210,r@gmail.com,female,22,"Hosur, sdp"
